<?xml version="1.0" encoding="UTF-8"?>
<!DOCTYPE editor-preferences PUBLIC "-//NetBeans//DTD Editor Preferences 1.0//EN" "http://www.netbeans.org/dtds/EditorPreferences-1_0.dtd">
<editor-preferences>
    <entry javaType="java.lang.Boolean" name="alignJavadocExceptionDescriptions" xml:space="preserve">
        <value><![CDATA[true]]></value>
    </entry>
    <entry javaType="java.lang.Boolean" name="alignJavadocParameterDescriptions" xml:space="preserve">
        <value><![CDATA[true]]></value>
    </entry>
    <entry javaType="java.lang.Boolean" name="alignJavadocReturnDescription" xml:space="preserve">
        <value><![CDATA[true]]></value>
    </entry>
    <entry javaType="java.lang.Boolean" name="alignMultilineAnnotationArgs" xml:space="preserve">
        <value><![CDATA[true]]></value>
    </entry>
    <entry javaType="java.lang.Boolean" name="alignMultilineArrayInit" xml:space="preserve">
        <value><![CDATA[true]]></value>
    </entry>
    <entry javaType="java.lang.Boolean" name="alignMultilineAssignment" xml:space="preserve">
        <value><![CDATA[true]]></value>
    </entry>
    <entry javaType="java.lang.Boolean" name="alignMultilineBinaryOp" xml:space="preserve">
        <value><![CDATA[true]]></value>
    </entry>
    <entry javaType="java.lang.Boolean" name="alignMultilineCallArgs" xml:space="preserve">
        <value><![CDATA[true]]></value>
    </entry>
    <entry javaType="java.lang.Boolean" name="alignMultilineDisjunctiveCatchTypes" xml:space="preserve">
        <value><![CDATA[true]]></value>
    </entry>
    <entry javaType="java.lang.Boolean" name="alignMultilineFor" xml:space="preserve">
        <value><![CDATA[true]]></value>
    </entry>
    <entry javaType="java.lang.Boolean" name="alignMultilineImplements" xml:space="preserve">
        <value><![CDATA[true]]></value>
    </entry>
    <entry javaType="java.lang.Boolean" name="alignMultilineLambdaParams" xml:space="preserve">
        <value><![CDATA[true]]></value>
    </entry>
    <entry javaType="java.lang.Boolean" name="alignMultilineMethodParams" xml:space="preserve">
        <value><![CDATA[true]]></value>
    </entry>
    <entry javaType="java.lang.Boolean" name="alignMultilineTernaryOp" xml:space="preserve">
        <value><![CDATA[true]]></value>
    </entry>
    <entry javaType="java.lang.Boolean" name="alignMultilineThrows" xml:space="preserve">
        <value><![CDATA[true]]></value>
    </entry>
    <entry javaType="java.lang.Boolean" name="alignMultilineTryResources" xml:space="preserve">
        <value><![CDATA[true]]></value>
    </entry>
    <entry javaType="java.lang.Boolean" name="blankLineAfterJavadocParameterDescriptions" xml:space="preserve">
        <value><![CDATA[true]]></value>
    </entry>
    <entry javaType="java.lang.Boolean" name="blankLineAfterJavadocReturnTag" xml:space="preserve">
        <value><![CDATA[true]]></value>
    </entry>
    <entry javaType="java.lang.Boolean" name="code-folding-collapse-import" xml:space="preserve">
        <value><![CDATA[true]]></value>
    </entry>
    <entry javaType="java.lang.Boolean" name="code-folding-collapse-initial-comment" xml:space="preserve">
        <value><![CDATA[true]]></value>
    </entry>
    <entry javaType="java.lang.Boolean" name="code-folding-content.preview" xml:space="preserve">
        <value><![CDATA[true]]></value>
    </entry>
    <entry javaType="java.lang.Boolean" name="code-folding-content.summary" xml:space="preserve">
        <value><![CDATA[true]]></value>
    </entry>
    <entry javaType="java.lang.Boolean" name="code-folding-use-defaults" xml:space="preserve">
        <value><![CDATA[false]]></value>
    </entry>
    <entry javaType="java.lang.String" name="importGroupsOrder" xml:space="preserve">
        <value><![CDATA[*]]></value>
    </entry>
    <entry javaType="java.lang.String" name="javaAutoCompletionTriggers" xml:space="preserve">
        <value><![CDATA[.,:([+-=abcdefghijklmnopqrstuvwxyzABCDEFGHIJKLMNOPQRSTUVWXYZ]]></value>
    </entry>
    <entry javaType="java.lang.Boolean" name="javaAutoPopupOnIdentifierPart" xml:space="preserve">
        <value><![CDATA[true]]></value>
    </entry>
    <entry javaType="java.lang.Boolean" name="javaCompletionExcluderMethods" xml:space="preserve">
        <value><![CDATA[false]]></value>
    </entry>
    <entry javaType="java.lang.String" name="javaCompletionSelectors" xml:space="preserve">
        <value><![CDATA[.,([]]></value>
    </entry>
    <entry javaType="java.lang.Boolean" name="javaCompletionSubwords" xml:space="preserve">
        <value><![CDATA[true]]></value>
    </entry>
    <entry javaType="java.lang.String" name="javadocCompletionSelectors" xml:space="preserve">
        <value><![CDATA[.#,:([+-=abcdefghijklmnopqrstuvwxyzABCDEFGHIJKLMNOPQRSTUVWXYZ]]></value>
    </entry>
    <entry javaType="java.lang.String" name="on-save-reformat" xml:space="preserve">
        <value><![CDATA[always]]></value>
    </entry>
    <entry javaType="java.lang.String" name="on-save-remove-trailing-whitespace" xml:space="preserve">
        <value><![CDATA[always]]></value>
    </entry>
    <entry javaType="java.lang.Boolean" name="on-save-use-global-settings" xml:space="preserve">
        <value><![CDATA[true]]></value>
    </entry>
    <entry javaType="java.lang.Boolean" name="on-save.Imports_UNUSED" xml:space="preserve">
        <value><![CDATA[true]]></value>
    </entry>
    <entry javaType="java.lang.Boolean" name="on-save.org.netbeans.modules.java.hints.OrganizeImports" xml:space="preserve">
        <value><![CDATA[true]]></value>
    </entry>
    <entry javaType="java.lang.Boolean" name="preserveNewLinesInComments" xml:space="preserve">
        <value><![CDATA[true]]></value>
    </entry>
    <entry javaType="java.lang.Boolean" name="sortMembersByVisibility" xml:space="preserve">
        <value><![CDATA[true]]></value>
    </entry>
    <entry javaType="java.lang.Boolean" name="sortMembersInGroups" xml:space="preserve">
        <value><![CDATA[true]]></value>
    </entry>
    <entry javaType="java.lang.Boolean" name="spaceWithinForParens" xml:space="preserve">
        <value><![CDATA[true]]></value>
    </entry>
    <entry javaType="java.lang.Boolean" name="spaceWithinIfParens" xml:space="preserve">
        <value><![CDATA[true]]></value>
    </entry>
    <entry javaType="java.lang.Boolean" name="spaceWithinSwitchParens" xml:space="preserve">
        <value><![CDATA[true]]></value>
    </entry>
    <entry javaType="java.lang.Boolean" name="spaceWithinWhileParens" xml:space="preserve">
        <value><![CDATA[true]]></value>
    </entry>
    <entry javaType="java.lang.String" name="wrapAnnotationArgs" xml:space="preserve">
        <value><![CDATA[WRAP_IF_LONG]]></value>
    </entry>
    <entry javaType="java.lang.Boolean" name="wrapCommentText" xml:space="preserve">
        <value><![CDATA[false]]></value>
    </entry>
    <entry javaType="java.lang.String" name="wrapForStatement" xml:space="preserve">
        <value><![CDATA[WRAP_IF_LONG]]></value>
    </entry>
    <entry name="pair-characters-completion" remove="true"/>
    <entry name="show-deprecated-members" remove="true"/>
</editor-preferences>
